Заголовок,URL
"Подбор подшипника по размерам онлайн","https://aprom.by/cgi-bin/article.pl?words=selection"
"Найти подшипник по номеру онлайн","https://aprom.by/cgi-bin/article.pl?words=nomer"
"Система условных обозначений подшипников","https://aprom.by/cgi-bin/article.pl?words=info"
"Класс точности подшипников  ГОСТ, ISO, ABEC","https://aprom.by/cgi-bin/article.pl?words=class"
"Зазоры в подшипниках качения","https://aprom.by/cgi-bin/article.pl?words=zazor"
"Обозначение момента трения подшипников","https://aprom.by/cgi-bin/article.pl?words=trenie"
"Обозначение категорий подшипников","https://aprom.by/cgi-bin/article.pl?words=kategoria"
"Обозначение внутреннего диаметра подшипников","https://aprom.by/cgi-bin/article.pl?words=diameter"
"Обозначение размерных серий подшипников","https://aprom.by/cgi-bin/article.pl?words=series"
"Типы подшипников","https://aprom.by/cgi-bin/article.pl?words=type"
"Сепараторы подшипников качения","https://aprom.by/cgi-bin/article.pl?words=separator"
"Смазка подшипников","https://aprom.by/cgi-bin/article.pl?words=lubric"
"Примеры условного обозначения подшипников","https://aprom.by/cgi-bin/article.pl?words=primer"
"ГОСТ Подшипники. Стандарты","https://aprom.by/cgi-bin/article.pl?words=gost"
"Стандарты ISO. Подшипники","https://aprom.by/cgi-bin/article.pl?words=iso"
"Аналоги подшипников  ГОСТ - ISO","https://aprom.by/cgi-bin/article.pl?words=analog"
"Аналоги подшипников  ISO - ГОСТ","https://aprom.by/cgi-bin/article.pl?words=analog_iso"
"Аналоги дополнительных знаков условных обозначений подшипников ГОСТ - ISO","https://aprom.by/cgi-bin/article.pl?words=analog_dop"
"Условное обозначение подшипников по ЕТУ 100, ЕТУ 500 и ТУ","https://aprom.by/cgi-bin/article.pl?words=etu"
"Коды ТН ВЭД на подшипники","https://aprom.by/cgi-bin/article.pl?words=kod_tn_ved_podshipniki"
"Что такое модификация подшипников или как подобрать аналог подшипника ГОСТ и ISO? Взаимозаменяемость подшипников качения, скольжения!","https://aprom.by/cgi-bin/article.pl?words=kak-podobrat-analog-podshipnika"
"Из чего состоит подшипник","https://aprom.by/cgi-bin/article.pl?words=konstr"
"Как делают подшипники","https://aprom.by/cgi-bin/article.pl?words=kak-delajut-podshipniki"
"Как выбрать подшипник","https://aprom.by/cgi-bin/article.pl?words=select"
"Классификация подшипников","https://aprom.by/cgi-bin/article.pl?words=priznak"
"Терминология конструкции подшипников","https://aprom.by/cgi-bin/article.pl?words=term_images"
"Подшипники. Основные термины и определения","https://aprom.by/cgi-bin/article.pl?words=term"
"Нагрузка на подшипники","https://aprom.by/cgi-bin/article.pl?words=nagruzka"
"Угол контакта - подшипники шариковые радиально-упорные однорядные","https://aprom.by/cgi-bin/article.pl?words=ugol_kontakta"
"Конструктивная разновидность подшипников","https://aprom.by/cgi-bin/article.pl?words=konstrukcia"
"Предварительный натяг подшипников. Преднатяг","https://aprom.by/cgi-bin/article.pl?words=preload"
"Предельная частота вращения подшипника","https://aprom.by/cgi-bin/article.pl?words=rotating_speed"
"Комплекты подшипников - дуплекс","https://aprom.by/cgi-bin/article.pl?words=duplex"
"Маркировка подшипников","https://aprom.by/cgi-bin/article.pl?words=marking_bearings"
"Подшипники в виброустойчивом исполнении","https://aprom.by/cgi-bin/article.pl?words=vibro"
"Миниатюрные подшипники","https://aprom.by/cgi-bin/article.pl?words=mini_bearings"
"Высокотемпературные подшипники","https://aprom.by/cgi-bin/article.pl?words=high_temperature_bearing"
"Монтаж подшипников","https://aprom.by/cgi-bin/article.pl?words=instal"
"Переконсервация подшипников","https://aprom.by/cgi-bin/article.pl?words=conserv"
"Посадки подшипников","https://aprom.by/cgi-bin/article.pl?words=fit"
"Ревизия подшипников","https://aprom.by/cgi-bin/article.pl?words=audit"
"Хранение и упаковка подшипников","https://aprom.by/cgi-bin/article.pl?words=storing"
"Основные причины повреждения подшипников","https://aprom.by/cgi-bin/article.pl?words=defect"
"Терминология дефектов неисправных подшипников","https://aprom.by/cgi-bin/article.pl?words=term_defect"
"Подшипники в электродвигателях и основные причины отказов","https://aprom.by/cgi-bin/article.pl?words=podshipniki_v_jelektrodvigateljah"
"Таблица расшифровки знака года выпуска подшипника.","https://aprom.by/cgi-bin/article.pl?words=year_production_bearing"
"Техническая литература о подшипниках. Книги, учебники, справочники, информационные материалы по подшипникам.","https://aprom.by/cgi-bin/article.pl?words=tehnicheskaja-literatura-o-podshipnikah"
"Сферические роликовые подшипники","https://aprom.by/cgi-bin/article.pl?words=sfericheskie_rolikovye_podshipniki"
"Условное обозначения шарнирных подшипников  Ш, ШЛ, ШС, ШП, ШСП, ШСЛ, ШСР, ШСШ, ШН, ШЛТ, Ш..Е, ШУ, ШВХ, ШМ, ШМП, ШМЛ","https://aprom.by/cgi-bin/article.pl?words=shs"
"Условное обозначение  игольчатых  подшипников серии К, КК, ИК, ИКВ, КВК, КСК, АК","https://aprom.by/cgi-bin/article.pl?words=igolkk"
"Условное обозначение  игольчатых подшипников с одним наружным штампованым кольцом  серии 94, НК, НД, СК, СН, ВК, ГК","https://aprom.by/cgi-bin/article.pl?words=igol94"
"Условное обозначение упорно-радиальных двухрядных роликовых комбинированых подшипников РИК, РИКБ, РИК...К, РИКБ...К","https://aprom.by/cgi-bin/article.pl?words=rik"
"Шарнирные головки - шарнирные наконечники - наконечники штоков. Таблица аналогов шарнирных головок DURBAL INA SKF IKO ASAHI","https://aprom.by/cgi-bin/article.pl?words=sharnirnaja_golovka"
"Условное обозначение подшипников шариковых и шарико-роликовых радиальных и радиально-упорных двухрядных с двухсторонним уплотнением, с валиком вместо внутреннего кольца Н 1Н 2Н 3Н 4Н 5Н НР 1НР 2НР 3НР 4НР 5НР","https://aprom.by/cgi-bin/article.pl?words=eskimo"
"Подшипниковый узел. Корпусные подшипники. Подшипники UCF, UCFC, UCFL, UCP, UCPA, UCT","https://aprom.by/cgi-bin/article.pl?words=bearing_unit"
"Обозначение и размеры подшипников SKF Y-типа (YEL, YET, YAR, YAT, YSA, YSP)","https://aprom.by/cgi-bin/article.pl?words=y-type"
"Крестовины карданного вала и крестовины вала рулевого управления","https://aprom.by/cgi-bin/article.pl?words=krest"
"Гибридные подшипники","https://aprom.by/cgi-bin/article.pl?words=hybrid-bearings"
"Ролики конвейерные","https://aprom.by/cgi-bin/article.pl?words=roliki-konvejernye"
"Велосипедные подшипники","https://aprom.by/cgi-bin/article.pl?words=velosipednye_podshipniki"
"Шпиндельные подшипники","https://aprom.by/cgi-bin/article.pl?words=shpindelnye_podshipniki"
"Перечень заводов-изготовителей подшипников на территории СНГ","https://aprom.by/cgi-bin/article.pl?words=gpz"
"Онлайн каталоги производителей подшипников","https://aprom.by/cgi-bin/article.pl?words=online_catalog"
"Обозначение подшипников МПЗ","https://aprom.by/cgi-bin/article.pl?words=mpz"
"Обозначение подшипников SKF","https://aprom.by/cgi-bin/article.pl?words=skf"
"Подшипники SKF EXPLORER","https://aprom.by/cgi-bin/article.pl?words=skf_explorer"
"Обозначение подшипников FAG","https://aprom.by/cgi-bin/article.pl?words=fag"
"Обозначение подшипников NSK","https://aprom.by/cgi-bin/article.pl?words=nsk"
"Обозначение подшипников NTN SNR","https://aprom.by/cgi-bin/article.pl?words=ntn_snr"
"Обозначение подшипников SNFA","https://aprom.by/cgi-bin/article.pl?words=snfa"
"Обозначение подшипников KOYO","https://aprom.by/cgi-bin/article.pl?words=koyo"
"Обозначение подшипников GMN","https://aprom.by/cgi-bin/article.pl?words=gmn"
"Обозначение подшипников BARDEN","https://aprom.by/cgi-bin/article.pl?words=barden"
"Обозначение подшипников FKL","https://aprom.by/cgi-bin/article.pl?words=fkl"
"Обозначение подшипников BBC-R","https://aprom.by/cgi-bin/article.pl?words=bbc-r"
"Экскурсия по заводу FKL: производство подшипников и карданных валов.","https://aprom.by/cgi-bin/article.pl?words=bearins_fkl"
"Условное обозначение шариков","https://aprom.by/cgi-bin/article.pl?words=shar"
"Условное обозначение роликов","https://aprom.by/cgi-bin/article.pl?words=rolik"
"Тела качения подшипников: шарики и ролики - применяемость в подшипниках","https://aprom.by/cgi-bin/article.pl?words=sharrol"
"Закрепительные втулки, стяжные втулки, гайки","https://aprom.by/cgi-bin/article.pl?words=vtulki"
"Втулки скольжения. Подшипники скольжения.","https://aprom.by/cgi-bin/article.pl?words=podshipniki_vtulki_skolgenija"
"Автомобильныe комплекты подшипников SKF, FAG, SNR, TIMKEN, FERSA A&S, QH","https://aprom.by/cgi-bin/article.pl?words=skf_vkba"
"Советы SKF в выборе ступичного подшипника","https://aprom.by/cgi-bin/article.pl?words=skf_advice"
"Симптомы неисправного подшипника ступицы колеса автомобиля.","https://aprom.by/cgi-bin/article.pl?words=neispravnost_stupichnyh_podshipnikov"
"Подшипники для автомобильных кондиционеров","https://aprom.by/cgi-bin/article.pl?words=conditioner"
"Подшипники и сальники для редукторов автобетоносмесителей","https://aprom.by/cgi-bin/article.pl?words=podshipniki_dlja_avtobetonosmesitelej"
"Интересное о подшипниках","https://aprom.by/cgi-bin/article.pl?words=interes"
"Деревянные подшипники - миф или реальность","https://aprom.by/cgi-bin/article.pl?words=wooden_bearings"
"Подшипники. Термины на английском языке - русский перевод","https://aprom.by/cgi-bin/article.pl?words=english"
"Слово ПОДШИПНИК на разных языках мира","https://aprom.by/cgi-bin/article.pl?words=translate"
"С улыбкой о подшипниках :)","https://aprom.by/cgi-bin/article.pl?words=humor"
"Шариковая опора","https://aprom.by/cgi-bin/article.pl?words=sharikovaja_opora"
"Линейные направляющие качения и скольжения","https://aprom.by/cgi-bin/article.pl?words=line"
"ШВП - шариковая винтовая передача","https://aprom.by/cgi-bin/article.pl?words=shvp"
"Роликовые линейные опоры качения РС, ЛОК, RUS, Р88, РОД, РОНА-120","https://aprom.by/cgi-bin/article.pl?words=opora_kachenija"
"ГОСТ Резинотехнические изделия (РТИ)","https://aprom.by/cgi-bin/article.pl?words=gost_rti"
"Приводные ремни","https://aprom.by/cgi-bin/article.pl?words=remni"
"Как подобрать приводной ремень по размеру","https://aprom.by/cgi-bin/article.pl?words=kak_podobrat_privodnoj_remen_po_razmeru"
"Основные неисправности ременной передачи","https://aprom.by/cgi-bin/article.pl?words=osnovnye_neispravnosti_remennoj_peredachi"
"Размеры и аналоги приводных ремней ГОСТ - импортная маркировка","https://aprom.by/cgi-bin/article.pl?words=remni_analog"
"Как правильно рассчитать длину приводного ремня по диаметрам шкивов и расстоянию между ними. Калькулятор.","https://aprom.by/cgi-bin/article.pl?words=kak_rasschitat_dlinu_privodnogo_remnja_po_shkivam"
"Резиновые армированные манжеты (сальники)","https://aprom.by/cgi-bin/article.pl?words=oil_seal"
"Как подобрать сальник или манжету по размерам","https://aprom.by/cgi-bin/article.pl?words=kak_podobrat_salnik_po_razmeram"
"Промышленные рукава и шланги","https://aprom.by/cgi-bin/article.pl?words=promyshlenny_rukava_i_shlangi"
"Рукава высокого давления (РВД)","https://aprom.by/cgi-bin/article.pl?words=rukava_vysokogo_davlenijai"
"Кольца резиновые уплотнительные круглого сечения","https://aprom.by/cgi-bin/article.pl?words=ring"
"Шкивы для приводных ремней","https://aprom.by/cgi-bin/article.pl?words=shkivy"
"Шкивы SKF для узких клиновых ремней","https://aprom.by/cgi-bin/article.pl?words=skf_pulley"
"Приводные цепи","https://aprom.by/cgi-bin/article.pl?words=cepi"
"Цепная передача","https://aprom.by/cgi-bin/article.pl?words=cepi_peredacha"
"Звездочки","https://aprom.by/cgi-bin/article.pl?words=zvezdochki"
"ГОСТ цепи, звездочки","https://aprom.by/cgi-bin/article.pl?words=gost_cepi"
"Стопорные кольца","https://aprom.by/cgi-bin/article.pl?words=lock_ring"
"Фильтра","https://aprom.by/cgi-bin/article.pl?words=filter"
"Технические жидкости","https://aprom.by/cgi-bin/article.pl?words=tehnicheskie_gidkosti"
"Быстроразъемные соединения БРС, КАМЛОКИ, адаптеры, переходники и фитинги","https://aprom.by/cgi-bin/article.pl?words=bystrorazemnoe-soedinenie-brs"
"Насосы шестеренные НШ","https://aprom.by/cgi-bin/article.pl?words=nasos_nsh"
"Редукторы","https://aprom.by/cgi-bin/article.pl?words=reduktory"
"Втулки тапербуш - TAPER BUSH","https://aprom.by/cgi-bin/article.pl?words=vtulki_taper_bush"
"Коды мобильных операторов и телефонные коды городов Беларуси","https://aprom.by/cgi-bin/article.pl?words=phone"
"Закон РБ О защите прав потребителей.","https://aprom.by/cgi-bin/article.pl?words=consumer_protection"
"Безопасность в интернете. Рекомендации по работе с электронной почтой.","https://aprom.by/cgi-bin/article.pl?words=safe-internet"
